brand,product_name,original_price,discounted_price,rating,product_url,breadcrumbs,category
HOMEOTIC,Matte Bullet Lipstick - 5 ml,Rs. 599,Rs. 325,N/A,https://www.myntra.comlipstick/homeotic/homeotic-long-lasting-matte-bullet-lipstick---5--ml---red-1/41599863/buy,Home / Personal Care / Lipstick,Lipstick
alphaaromatica,Long Lasting Lipstick - 5 ml,Rs. 599,Rs. 325,N/A,https://www.myntra.comlipstick/alphaaromatica/alphaaromatica-long-lasting-matte-bullet-lipstick---5-ml----brown-06/41599835/buy,Home / Personal Care / Lipstick,Lipstick
Renee,Matte Lipstick-3.5gm-Rouge,Rs. 199,Rs. 175,|4.4k,https://www.myntra.comlipstick/renee/renee-matte-lipstick-35gm-rouge/30420465/buy,Home / Personal Care / Lipstick,Lipstick
VOZO,4-Pc Lipsticks-104-105-106-204,Rs. 996,Rs. 175,|26,https://www.myntra.comlipstick/vozo/vozo-set-of-4-soft--comfortable-matte-finish-liquid-lipsticks-104-105-106-204/30544487/buy,Home / Personal Care / Lipstick,Lipstick
alphaaromatica,Long Lasting Lipstick - 5 ml,Rs. 599,Rs. 325,N/A,https://www.myntra.comlipstick/alphaaromatica/alphaaromatica-long-lasting-matte-bullet-lipstick---5-ml----red-01/41599832/buy,Home / Personal Care / Lipstick,Lipstick
Renee,Matte Lipstick-3.5gm-Petal,Rs. 199,Rs. 175,|4.4k,https://www.myntra.comlipstick/renee/renee-matte-lipstick-35gm-petal/30420464/buy,Home / Personal Care / Lipstick,Lipstick
VOZO,4-Pc Lipsticks-101-102-103-105,Rs. 996,Rs. 175,|29,https://www.myntra.comlipstick/vozo/vozo-set-of-4-soft--comfortable-matte-finish-liquid-lipsticks-101-102-103-105/30544443/buy,Home / Personal Care / Lipstick,Lipstick
HOMEOTIC,Matte Bullet Lipstick - 5 ml,Rs. 599,Rs. 325,N/A,https://www.myntra.comlipstick/homeotic/homeotic-long-lasting-matte-bullet-lipstick---5--ml---brown-06/41599702/buy,Home / Personal Care / Lipstick,Lipstick
VOZO,4-Pc Lipsticks-106-202-203-204,Rs. 996,Rs. 175,|17,https://www.myntra.comlipstick/vozo/vozo-set-of-4-matte-finish-liquid-lipsticks-106-202-203-204/30544477/buy,Home / Personal Care / Lipstick,Lipstick
YELGO,Set of 4 Nude Lipstick,Rs. 999,Rs. 155,|153,https://www.myntra.comlipstick/yelgo/yelgo-mini-lipstick-combo-pack-of-4-nude-shade-liquid-matte-mini-lipstick/30964080/buy,Home / Personal Care / Lipstick,Lipstick
gelunix,Matte Bullet Lipstick - 5 ml,Rs. 599,Rs. 325,N/A,https://www.myntra.comlipstick/gelunix/gelunix-long-lasting-matte-bullet-lipstick---5-ml---red-01/41599666/buy,Home / Personal Care / Lipstick,Lipstick
Hilary Rhoda,Liquid Lipstick - 5 ml,Rs. 269,Rs. 221,N/A,https://www.myntra.comlipstick/hilary+rhoda/hilary-rhoda-touch-of-mousse-liquid-lipstick--hot-red---shade-16---5-ml/41047793/buy,Home / Personal Care / Lipstick,Lipstick
VOZO,4-Pc Lipsticks-103-105-106-202,Rs. 996,Rs. 175,|28,https://www.myntra.comlipstick/vozo/vozo-set-of-4-soft--comfortable-matte-finish-liquid-lipsticks-103-105-106-202/30544494/buy,Home / Personal Care / Lipstick,Lipstick
New.You,Non Transfer Lipstick - 5 ml,Rs. 599,Rs. 325,N/A,https://www.myntra.comlipstick/new.you/newyou-non-transfer-matte-lipstick---5-ml---shade-06/41599423/buy,Home / Personal Care / Lipstick,Lipstick
VOZO,4-Pc Lipsticks-101-105-106-203,Rs. 996,Rs. 175,N/A,https://www.myntra.comlipstick/vozo/vozo-set-of-4-soft--comfortable-matte-finish-liquid-lipsticks-101-105-106-203/30544448/buy,Home / Personal Care / Lipstick,Lipstick
VOZO,4-Pc Lipsticks-101-103-104-204,Rs. 996,Rs. 175,|16,https://www.myntra.comlipstick/vozo/vozo-set-of-4-soft--comfortable-matte-finish-liquid-lipsticks-101-103-104-204/30544474/buy,Home / Personal Care / Lipstick,Lipstick
New.You,Matte Bullet Lipstick - 5 g,Rs. 599,Rs. 325,N/A,https://www.myntra.comlipstick/new.you/newyou-long-lasting-matte-bullet-lipstick---5-g---red-01/41599420/buy,Home / Personal Care / Lipstick,Lipstick
VOZO,4-Pc Lipsticks-101-105-106-201,Rs. 996,Rs. 175,N/A,https://www.myntra.comlipstick/vozo/vozo-set-of-4-soft--comfortable-matte-finish-liquid-lipsticks-101-105-106-201/30544464/buy,Home / Personal Care / Lipstick,Lipstick
VOZO,4-Pc Lipsticks-101-103-104-201,Rs. 996,Rs. 175,N/A,https://www.myntra.comlipstick/vozo/vozo-set-of-4-soft--comfortable-matte-finish-liquid-lipsticks-101-103-104-201/30544504/buy,Home / Personal Care / Lipstick,Lipstick
Gauri Uma Hair Style,Matte Bullet Lipstick - 5 ml,Rs. 599,Rs. 325,N/A,https://www.myntra.comlipstick/gauri+uma+hair+style/gauri-uma-hair-style-long-lasting-matte-bullet-lipstick---5--ml--red-01/41599285/buy,Home / Personal Care / Lipstick,Lipstick
VOZO,4-Pc Lipsticks-101-106-201-204,Rs. 996,Rs. 175,N/A,https://www.myntra.comlipstick/vozo/vozo-set-of-4-soft--comfortable-matte-finish-liquid-lipsticks-101-106-201-204/30544479/buy,Home / Personal Care / Lipstick,Lipstick
Hilary Rhoda,Waterproof Liquid Lipstick 5ml,Rs. 269,Rs. 221,N/A,https://www.myntra.comlipstick/hilary+rhoda/hilary-rhoda-touch-of-mousse-waterproof-liquid-lipstick---5-ml---brick-red---shade-14/41047806/buy,Home / Personal Care / Lipstick,Lipstick
Gauri Uma Hair Style,Matte Bullet Lipstick - 5 ml,Rs. 599,Rs. 325,N/A,https://www.myntra.comlipstick/gauri+uma+hair+style/gauri-uma-hair-style-long-lasting-matte-bullet-lipstick---5--ml---brown-06/41599282/buy,Home / Personal Care / Lipstick,Lipstick
VOZO,4-Pc Lipsticks-101-106-201-203,Rs. 996,Rs. 175,N/A,https://www.myntra.comlipstick/vozo/vozo-set-of-4-matte-finish-liquid-lipsticks-101-106-201-203/30544453/buy,Home / Personal Care / Lipstick,Lipstick
SWISS BEAUTY,Gel Lipstick - 2,N/A,N/A,|2.4k,https://www.myntra.comlipstick/swiss+beauty/swiss-beauty-gel-lipstick---2/16866032/buy,Home / Personal Care / Lipstick,Lipstick
VRBUDDIES,Bullet Lipstick 5ml,Rs. 599,Rs. 325,N/A,https://www.myntra.comlipstick/vrbuddies/vrbuddies-long-lasting-matte-bullet-lipstick---5--g---brown-06/41599235/buy,Home / Personal Care / Lipstick,Lipstick
RED 4,Lips Cover Liquid Lipstick 4ml,Rs. 225,Rs. 167,|207,https://www.myntra.comlipstick/red+4/red-4-lips-cover-water-proof--long-lasting-liquid-lipstick-4ml-130/36571465/buy,Home / Personal Care / Lipstick,Lipstick
SWISS BEAUTY,Gel Lipstick - 3,N/A,N/A,|2.4k,https://www.myntra.comlipstick/swiss+beauty/swiss-beauty-gel-lipstick---3/16866300/buy,Home / Personal Care / Lipstick,Lipstick
VRBUDDIES,Long Lasting Bullet Lipstick,Rs. 599,Rs. 325,N/A,https://www.myntra.comlipstick/vrbuddies/vrbuddies-long-lasting-matte-bullet-lipstick---5--g---red-01/41599230/buy,Home / Personal Care / Lipstick,Lipstick
VOZO,4-Pc Lipsticks-101-105-106-204,Rs. 996,Rs. 175,|30,https://www.myntra.comlipstick/vozo/vozo-set-of-4-soft--comfortable-matte-finish-liquid-lipsticks-101-105-106-204/30544478/buy,Home / Personal Care / Lipstick,Lipstick
VOZO,4-Pc Lipsticks-101-202-203-204,Rs. 996,Rs. 175,|25,https://www.myntra.comlipstick/vozo/vozo-set-of-4-soft--comfortable-matte-finish-liquid-lipsticks-101-202-203-204/30544515/buy,Home / Personal Care / Lipstick,Lipstick
PALSON,Matte Bullet Lipstick - 5 g,Rs. 599,Rs. 325,N/A,https://www.myntra.comlipstick/palson/palson-long-lasting-matte-bullet-lipstick---5--g---red-01/41599194/buy,Home / Personal Care / Lipstick,Lipstick
Hilary Rhoda,Waterproof Liquid Lipstick-5ml,Rs. 269,Rs. 221,N/A,https://www.myntra.comlipstick/hilary+rhoda/hilary-rhoda-touch-of-mousse-waterproof-liquid-lipstick--mullberry-wine---shade-17--5-ml/41047789/buy,Home / Personal Care / Lipstick,Lipstick
VOZO,4-Pc Lipsticks-101-103-104-106,Rs. 996,Rs. 175,|15,https://www.myntra.comlipstick/vozo/vozo-set-of-4-soft--comfortable-matte-finish-liquid-lipsticks-101-103-104-106/30544508/buy,Home / Personal Care / Lipstick,Lipstick
PALSON,Matte Bullet Lipstick - 5 g,Rs. 599,Rs. 325,N/A,https://www.myntra.comlipstick/palson/palson-long-lasting-matte-bullet-lipstick---5-g---brown-06/41599192/buy,Home / Personal Care / Lipstick,Lipstick
VOZO,4-Pc Lipsticks-101-102-103-201,Rs. 996,Rs. 175,|5,https://www.myntra.comlipstick/vozo/vozo-set-of-4-matte-finish-liquid-lipsticks-101-102-103-201/30544493/buy,Home / Personal Care / Lipstick,Lipstick
VOZO,4-Pc Lipsticks-104-105-106-202,Rs. 996,Rs. 175,N/A,https://www.myntra.comlipstick/vozo/vozo-set-of-4-soft--comfortable-matte-finish-liquid-lipsticks-104-105-106-202/30544473/buy,Home / Personal Care / Lipstick,Lipstick
Celestial,Long Lasting Lipstick - 5 ml,Rs. 599,Rs. 325,N/A,https://www.myntra.comlipstick/celestial/celestial-long-lasting-matte-bullet-lipstick---5-ml----brown-06/41599057/buy,Home / Personal Care / Lipstick,Lipstick
VOZO,4-Pc Lipsticks-101-104-105-204,Rs. 996,Rs. 175,|21,https://www.myntra.comlipstick/vozo/vozo-set-of-4-soft--comfortable-matte-finish-liquid-lipsticks-101-104-105-204/30544470/buy,Home / Personal Care / Lipstick,Lipstick
VOZO,4-Pc Lipsticks-101-102-103-105,Rs. 996,Rs. 175,|14,https://www.myntra.comlipstick/vozo/vozo-set-of-4-soft--comfortable-matte-finish-liquid-lipsticks-101-102-103-104/30544454/buy,Home / Personal Care / Lipstick,Lipstick
Blue Heaven,Set Of 10 Matte Love Lipsticks,Rs. 399,Rs. 259,|15k,https://www.myntra.comlipstick/blue+heaven/blue-heaven-set-of-10-matte-love-long-lasting-hydrating-mini-lipsticks---13g-each/22212908/buy,Home / Personal Care / Lipstick,Lipstick
VOZO,4-Pc Lipsticks-102-104-105-202,Rs. 996,Rs. 175,N/A,https://www.myntra.comlipstick/vozo/vozo-set-of-4-soft--comfortable-matte-finish-liquid-lipsticks-102-104-105-202/30544472/buy,Home / Personal Care / Lipstick,Lipstick
Hilary Rhoda,Waterproof Liquid Lipstick 5ml,Rs. 269,Rs. 221,N/A,https://www.myntra.comlipstick/hilary+rhoda/hilary-rhoda-touch-of-mousse-waterproof-liquid-lipstick---5-ml---rosewood-red---shade-15/41047801/buy,Home / Personal Care / Lipstick,Lipstick
Maybelline,Lipstick - Maybe It's Intense,Rs. 599,Rs. 539,|1.1k,https://www.myntra.comlipstick/maybelline/maybelline-new-york-satins-8hr-serum-lipstick---maybe-its-intense-104/38548282/buy,Home / Personal Care / Lipstick,Lipstick
VOZO,4-Pc Lipsticks-102-105-106-203,Rs. 996,Rs. 175,N/A,https://www.myntra.comlipstick/vozo/vozo-set-of-4-soft-and-comfortable-matte-finish-liquid-lipsticks-102-105-106-203/30544450/buy,Home / Personal Care / Lipstick,Lipstick
VOZO,4-Pc Lipstick-102-104-106-201,Rs. 996,Rs. 175,N/A,https://www.myntra.comlipstick/vozo/-vozo-4-pcs-vibrant-matte-liquid-lipstick-4ml-102-104-106-201/30973556/buy,Home / Personal Care / Lipstick,Lipstick
Maybelline,Super Stay Matte - Founder 115,Rs. 749,Rs. 367,|19.4k,https://www.myntra.comlipstick/maybelline/maybelline-new-york-super-stay-matte-ink-liquid-lipstick-5-ml---founder-115/8051025/buy,Home / Personal Care / Lipstick,Lipstick
VOZO,4-Pc Lipsticks-101-104-105-202,Rs. 996,Rs. 175,N/A,https://www.myntra.comlipstick/vozo/vozo-set-of-4-soft--comfortable-matte-finish-liquid-lipsticks-101-104-105-202/30544497/buy,Home / Personal Care / Lipstick,Lipstick
VOZO,4-Pc Lipsticks-101-103-104-105,Rs. 996,Rs. 175,|26,https://www.myntra.comlipstick/vozo/vozo-set-of-4-long-lasting-matte-finish-liquid-lipsticks-101-103-104-105/30544449/buy,Home / Personal Care / Lipstick,Lipstick
Maybelline,660 Touch Of Spice Lipstick,Rs. 329,Rs. 203,|126.2k,https://www.myntra.comlipstick/maybelline/maybelline-new-york-color-sensational-creamy-matte-lipstick---touch-of-spice-660/1963297/buy,Home / Personal Care / Lipstick,Lipstick
Pilgrim,4-Pcs Lipstick - Always On Top,Rs. 745,Rs. 260,|7.7k,https://www.myntra.comlipstick/pilgrim/pilgrim-set-of-4-matte-me-up-mini-liquid-lipstick---4-ml-each---always-on-top/31857367/buy,Home / Personal Care / Lipstick,Lipstick
Pilgrim,Lipstick- The Khalifa- 02,Rs. 645,Rs. 516,|9.1k,https://www.myntra.comlipstick/pilgrim/-pilgrim-3-d-glitter-formula-with-matte-finish-lipstick--42-g--the-khalifa--02/31826194/buy,Home / Personal Care / Lipstick,Lipstick
MARS,Matte Muse Mousse Lipstick,Rs. 299,Rs. 275,|29.8k,https://www.myntra.comlipstick/mars/mars-matte-muse-lightweight-mousse-lipstick-3ml---leading-lady/32051449/buy,Home / Personal Care / Lipstick,Lipstick
ETUDE,Dear Darling Water Tint - 4,Rs. 450,Rs. 382,|29.8k,https://www.myntra.comlipstick/etude/etude-dear-darling-water-tint-9g---red-grapefruit-ade-4/27916434/buy,Home / Personal Care / Lipstick,Lipstick
Lakme,Powerplay Priming Lipstick,Rs. 650,Rs. 260,|247.5k,https://www.myntra.comlipstick/lakme/lakme-9to5-powerplay-priming-matte-lipstick-with-vit-e-lasts-16hr-36g---mp6-deep-wine/13105598/buy,Home / Personal Care / Lipstick,Lipstick
ETUDE,Dear Darling Water Tint - 02,Rs. 450,Rs. 405,|29.8k,https://www.myntra.comlipstick/etude/etude-dear-darling-water-gel-lip--cheek-tint-lipstick-9-g---cherry-ade-02/20474268/buy,Home / Personal Care / Lipstick,Lipstick
Pilgrim,Dubai Bling Lipstick- 04,Rs. 645,Rs. 516,|9.1k,https://www.myntra.comlipstick/pilgrim/pilgrim-dubai-bling-3d-glitter-formula-with-matte-finish-lipstick--42-g--arabian-nites-04/31826192/buy,Home / Personal Care / Lipstick,Lipstick
MARS,Love Track Velvet Lip Tint,Rs. 299,Rs. 275,|26.3k,https://www.myntra.comlipstick/mars/mars-love-track-velvet-lip-tint---28-ml---two-hearts/32048833/buy,Home / Personal Care / Lipstick,Lipstick
Lakme,Powerplay Priming Lipstick,Rs. 650,Rs. 273,|247.5k,https://www.myntra.comlipstick/lakme/lakme-9to5-powerplay-priming-matte-lipstick-with-vit-e-lasts-16hr-36g---iconic-red/14095312/buy,Home / Personal Care / Lipstick,Lipstick
Lakme,Cushion Matte Lipstick,Rs. 375,Rs. 180,|28.5k,https://www.myntra.comlipstick/lakme/lakme-forever-matte-long-lasting-lipstick-with-french-rose-oil-ext-45g---mauve-love-cm7-/24822112/buy,Home / Personal Care / Lipstick,Lipstick
Pilgrim,Matte Bullet Lipstick - 33,Rs. 595,Rs. 476,|12.4k,https://www.myntra.comlipstick/pilgrim/pilgrim-matte-bullet-intense-colour-transferproof--smudgeproof-lipstick--cinnamon-lust-33/30593165/buy,Home / Personal Care / Lipstick,Lipstick
MARS,Creamy Matte Lipstick - 12,Rs. 199,Rs. 189,|48.6k,https://www.myntra.comlipstick/mars/mars-creamy-matte-ultra-pigmented-long-lasting-bullet-lipstick---khoobsurat-kuchipudi-12/23393674/buy,Home / Personal Care / Lipstick,Lipstick
Pilgrim,Matte Bullet Lipstick - 31,Rs. 595,Rs. 476,|12.4k,https://www.myntra.comlipstick/pilgrim/pilgrim-matte-bullet-intense-colour-transferproof--smudgeproof-lipstick---nude-kiss-31/30593162/buy,Home / Personal Care / Lipstick,Lipstick
Pilgrim,Matte Bullet Lipstick - 06,Rs. 595,Rs. 476,|12.3k,https://www.myntra.comlipstick/pilgrim/pilgrim-matte-bullet-intense-colour-transferproof--smudgeproof-lipstick---coco-caress-06/30593168/buy,Home / Personal Care / Lipstick,Lipstick
Mamaearth,Creamy Matte Pink Rose,Rs. 399,Rs. 356,|18.8k,https://www.myntra.comlipstick/mamaearth/mamaearth-creamy-matte-long-stay-lipstick-with-murumuru-butter---pink-rose/28546554/buy,Home / Personal Care / Lipstick,Lipstick
Mamaearth,Moisture Matte Bright and Bold,Rs. 999,Rs. 549,|1.3k,https://www.myntra.comlipstick/mamaearth/mamaearth-set-of-3-moisture-matte-long-stay-lipstick--21-gm-each--bright--bold/31275878/buy,Home / Personal Care / Lipstick,Lipstick
Maybelline,Liquid Lipstick - Nude Nuance,Rs. 429,Rs. 227,|91.2k,https://www.myntra.comlipstick/maybelline/maybelline-new-york-sensational-liquid-matte-lipstick---21-nude-nuance---7ml/14940628/buy,Home / Personal Care / Lipstick,Lipstick
Pilgrim,Dubai Bling Lipstick- 05,Rs. 645,Rs. 516,|9.1k,https://www.myntra.comlipstick/pilgrim/pilgrim-dubai-bling-3d-glitter-formula-with-matte-finish-lipstick--42-g--royal-noor-05/31826190/buy,Home / Personal Care / Lipstick,Lipstick
Baked Beauty,11-Pcs Liquid Matte Lipstick,Rs. 1950,Rs. 536,|568,https://www.myntra.comlipstick/baked+beauty/baked-beauty-set-of-11-liquid-matte-lipstick-with-vitamin-e---15-ml-each/30603481/buy,Home / Personal Care / Lipstick,Lipstick
MARS,Set of 3 Matte Lipsticks Box,Rs. 447,Rs. 339,|33.4k,https://www.myntra.comlipstick/mars/mars-set-of-3-matte-lipsticks-box---peaches-and-nudes-02/17723132/buy,Home / Personal Care / Lipstick,Lipstick
Bella Vita Organic,Creamy Matte Lipstick - 10,Rs. 375,Rs. 149,|3.7k,https://www.myntra.comlipstick/bella+vita+organic/bella-vita-organic-creamy-matte-bullet-lipstick---42-g---scarlet-red-10-/31067462/buy,Home / Personal Care / Lipstick,Lipstick
Lakme,Powerplay Priming Lipstick,Rs. 650,Rs. 253,|247.5k,https://www.myntra.comlipstick/lakme/lakme-9to5-powerplay-priming-matte-lipstick-with-vit-e-lasts-16hr-36g---roseatte-red/13105576/buy,Home / Personal Care / Lipstick,Lipstick
MARS,Brown Lip Crayon,Rs. 279,Rs. 253,|21.4k,https://www.myntra.comlipstick/mars/mars-brown-smudge-wont-budge-lip-crayon/15792264/buy,Home / Personal Care / Lipstick,Lipstick
Maybelline,Liquid Lipstick - Charmer,Rs. 749,Rs. 404,|12.5k,https://www.myntra.comlipstick/maybelline/maybelline-new-york-superstay-matte-ink-matte-liquid-lipstick-5ml---charmer/36086449/buy,Home / Personal Care / Lipstick,Lipstick
Renee,Very Matte Lipstick - 1.6 g-03,Rs. 199,Rs. 175,|1.8k,https://www.myntra.comlipstick/renee/renee-very-matte-intense-color-weightless--long-lasting-lipstick---toffee-touch/33601117/buy,Home / Personal Care / Lipstick,Lipstick
MARS,Matte Muse Mousse Lipstick,Rs. 299,Rs. 275,|29.8k,https://www.myntra.comlipstick/mars/mars-matte-muse-lightweight-mousse-lipstick-3ml---queen/32051445/buy,Home / Personal Care / Lipstick,Lipstick
Pilgrim,Matte Bullet Lipstick - 04,Rs. 595,Rs. 476,|12.4k,https://www.myntra.comlipstick/pilgrim/pilgrim-matte-bullet-intense-colour-transferproof--smudgeproof-lipstick---mocha-bliss-04/30593158/buy,Home / Personal Care / Lipstick,Lipstick
Pilgrim,Dubai Bling Lipstick- 08,Rs. 645,Rs. 516,|9.1k,https://www.myntra.comlipstick/pilgrim/pilgrim-dubai-bling-3d-glitter-formula-with-matte-finish-lipstick--42-g--her-highness-08/31826198/buy,Home / Personal Care / Lipstick,Lipstick
Lakme,Cushion Matte Lipstick,Rs. 375,Rs. 168,|28.5k,https://www.myntra.comlipstick/lakme/lakme-cushion-matte-long-lasting-lipstick-with-french-rose-oil-ext-45g----red-bomb-shell/24822094/buy,Home / Personal Care / Lipstick,Lipstick
EBONY LONDON,Pop Matte Lip Color - 5 ml -07,N/A,N/A,N/A,https://www.myntra.comlipstick/ebony+london/ebony-london-pop-matte-waterproof-liquid-lip-color---5-ml---shade-07/41124346/buy,Home / Personal Care / Lipstick,Lipstick
Pilgrim,Lipstick 4.2g Maroon Affair 23,Rs. 595,Rs. 476,|12.4k,https://www.myntra.comlipstick/pilgrim/pilgrim-matte-bullet-intense-colour-transferproof-lipstick--42-g-maroon-affair-23/30593163/buy,Home / Personal Care / Lipstick,Lipstick
MARS,Love Track Velvet Lip Tint,Rs. 299,Rs. 275,|26.3k,https://www.myntra.comlipstick/mars/mars-love-track-velvet-lip-tint---28-ml---four-letters/32048838/buy,Home / Personal Care / Lipstick,Lipstick
MARS,Love Track Velvet Lip Tint,Rs. 299,Rs. 275,|26.3k,https://www.myntra.comlipstick/mars/mars-love-track-velvet-lip-tint---28-ml---three-words/32048835/buy,Home / Personal Care / Lipstick,Lipstick
